id,year,phase,round,group,date,venue,home,away,hs,as,aet,hp,ap,notes,source
U20-2002-F-01,2002,final,Group stage,A,2002-04-19,"Fatorda Stadium, Margao",KOR,IND,4,0,,,,,https://en.wikipedia.org/w/index.php?title=2002_AFC_U-19_Women%27s_Championship&oldid=1314715450
U20-2002-F-02,2002,final,Group stage,A,2002-04-19,"Fatorda Stadium, Margao",JPN,GUM,15,0,,,,,https://en.wikipedia.org/w/index.php?title=2002_AFC_U-19_Women%27s_Championship&oldid=1314715450
U20-2002-F-03,2002,final,Group stage,B,2002-04-20,"Fatorda Stadium, Margao",CHN,SIN,15,0,,,,,https://en.wikipedia.org/w/index.php?title=2002_AFC_U-19_Women%27s_Championship&oldid=1314715450
U20-2002-F-04,2002,final,Group stage,B,2002-04-20,"Fatorda Stadium, Margao",TPE,HKG,15,0,,,,,https://en.wikipedia.org/w/index.php?title=2002_AFC_U-19_Women%27s_Championship&oldid=1314715450
U20-2002-F-05,2002,final,Group stage,C,2002-04-20,"Tilak Maidan, Vasco da Gama",PRK,THA,10,0,,,,,https://en.wikipedia.org/w/index.php?title=2002_AFC_U-19_Women%27s_Championship&oldid=1314715450
U20-2002-F-06,2002,final,Group stage,C,2002-04-20,"Tilak Maidan, Vasco da Gama",UZB,MYA,1,5,,,,,https://en.wikipedia.org/w/index.php?title=2002_AFC_U-19_Women%27s_Championship&oldid=1314715450
U20-2002-F-07,2002,final,Group stage,A,2002-04-21,"Fatorda Stadium, Margao",JPN,KOR,7,0,,,,,https://en.wikipedia.org/w/index.php?title=2002_AFC_U-19_Women%27s_Championship&oldid=1314715450
U20-2002-F-08,2002,final,Group stage,A,2002-04-21,"Fatorda Stadium, Margao",GUM,IND,0,6,,,,,https://en.wikipedia.org/w/index.php?title=2002_AFC_U-19_Women%27s_Championship&oldid=1314715450
U20-2002-F-09,2002,final,Group stage,B,2002-04-22,"Fatorda Stadium, Margao",CHN,TPE,0,0,,,,,https://en.wikipedia.org/w/index.php?title=2002_AFC_U-19_Women%27s_Championship&oldid=1314715450
U20-2002-F-10,2002,final,Group stage,B,2002-04-22,"Fatorda Stadium, Margao",SIN,HKG,2,1,,,,,https://en.wikipedia.org/w/index.php?title=2002_AFC_U-19_Women%27s_Championship&oldid=1314715450
U20-2002-F-11,2002,final,Group stage,C,2002-04-22,"Tilak Maidan, Vasco da Gama",PRK,UZB,1,0,,,,,https://en.wikipedia.org/w/index.php?title=2002_AFC_U-19_Women%27s_Championship&oldid=1314715450
U20-2002-F-12,2002,final,Group stage,C,2002-04-22,"Tilak Maidan, Vasco da Gama",THA,MYA,0,2,,,,,https://en.wikipedia.org/w/index.php?title=2002_AFC_U-19_Women%27s_Championship&oldid=1314715450
U20-2002-F-13,2002,final,Group stage,A,2002-04-23,"Fatorda Stadium, Margao",JPN,IND,9,0,,,,,https://en.wikipedia.org/w/index.php?title=2002_AFC_U-19_Women%27s_Championship&oldid=1314715450
U20-2002-F-14,2002,final,Group stage,A,2002-04-23,"Fatorda Stadium, Margao",GUM,KOR,0,13,,,,,https://en.wikipedia.org/w/index.php?title=2002_AFC_U-19_Women%27s_Championship&oldid=1314715450
U20-2002-F-15,2002,final,Group stage,B,2002-04-24,"Fatorda Stadium, Margao",CHN,HKG,17,0,,,,,https://en.wikipedia.org/w/index.php?title=2002_AFC_U-19_Women%27s_Championship&oldid=1314715450
U20-2002-F-16,2002,final,Group stage,B,2002-04-24,"Fatorda Stadium, Margao",SIN,TPE,0,18,,,,,https://en.wikipedia.org/w/index.php?title=2002_AFC_U-19_Women%27s_Championship&oldid=1314715450
U20-2002-F-17,2002,final,Group stage,C,2002-04-24,"Tilak Maidan, Vasco da Gama",PRK,MYA,7,0,,,,,https://en.wikipedia.org/w/index.php?title=2002_AFC_U-19_Women%27s_Championship&oldid=1314715450
U20-2002-F-18,2002,final,Group stage,C,2002-04-24,"Tilak Maidan, Vasco da Gama",THA,UZB,2,0,,,,,https://en.wikipedia.org/w/index.php?title=2002_AFC_U-19_Women%27s_Championship&oldid=1314715450
U20-2002-F-19,2002,final,Semi-final,,2002-04-26,"Fatorda Stadium, Margao",JPN,CHN,1,1,1,3,0,,https://en.wikipedia.org/w/index.php?title=2002_AFC_U-19_Women%27s_Championship&oldid=1314715450
U20-2002-F-20,2002,final,Semi-final,,2002-04-26,"Fatorda Stadium, Margao",TPE,PRK,1,1,1,4,3,,https://en.wikipedia.org/w/index.php?title=2002_AFC_U-19_Women%27s_Championship&oldid=1314715450
U20-2002-F-21,2002,final,Third place,,2002-04-28,"Fatorda Stadium, Margao",CHN,PRK,4,1,,,,,https://en.wikipedia.org/w/index.php?title=2002_AFC_U-19_Women%27s_Championship&oldid=1314715450
U20-2002-F-22,2002,final,Final,,2002-04-28,"Fatorda Stadium, Margao",JPN,TPE,2,1,,,,,https://en.wikipedia.org/w/index.php?title=2002_AFC_U-19_Women%27s_Championship&oldid=1314715450
U20-2006-F-01,2006,final,Group stage,A,2006-04-08,"KLFA Stadium, Kuala Lumpur",KOR,IND,11,0,,,,,https://en.wikipedia.org/w/index.php?title=2006_AFC_U-19_Women%27s_Championship&oldid=1374976951
U20-2006-F-02,2006,final,Group stage,A,2006-04-08,"KLFA Stadium, Kuala Lumpur",PRK,JPN,0,3,,,,,https://en.wikipedia.org/w/index.php?title=2006_AFC_U-19_Women%27s_Championship&oldid=1374976951
U20-2006-F-03,2006,final,Group stage,B,2006-04-09,"KLFA Stadium, Kuala Lumpur",CHN,AUS,0,1,,,,,https://en.wikipedia.org/w/index.php?title=2006_AFC_U-19_Women%27s_Championship&oldid=1374976951
U20-2006-F-04,2006,final,Group stage,B,2006-04-09,"KLFA Stadium, Kuala Lumpur",MAS,JOR,1,2,,,,,https://en.wikipedia.org/w/index.php?title=2006_AFC_U-19_Women%27s_Championship&oldid=1374976951
U20-2006-F-05,2006,final,Group stage,A,2006-04-10,"KLFA Stadium, Kuala Lumpur",IND,PRK,0,14,,,,,https://en.wikipedia.org/w/index.php?title=2006_AFC_U-19_Women%27s_Championship&oldid=1374976951
U20-2006-F-06,2006,final,Group stage,A,2006-04-10,"KLFA Stadium, Kuala Lumpur",JPN,KOR,2,1,,,,,https://en.wikipedia.org/w/index.php?title=2006_AFC_U-19_Women%27s_Championship&oldid=1374976951
U20-2006-F-07,2006,final,Group stage,B,2006-04-11,"KLFA Stadium, Kuala Lumpur",AUS,MAS,16,0,,,,,https://en.wikipedia.org/w/index.php?title=2006_AFC_U-19_Women%27s_Championship&oldid=1374976951
U20-2006-F-08,2006,final,Group stage,B,2006-04-11,"KLFA Stadium, Kuala Lumpur",JOR,CHN,0,9,,,,,https://en.wikipedia.org/w/index.php?title=2006_AFC_U-19_Women%27s_Championship&oldid=1374976951
U20-2006-F-09,2006,final,Group stage,A,2006-04-12,"KLFA Stadium, Kuala Lumpur",KOR,PRK,1,2,,,,,https://en.wikipedia.org/w/index.php?title=2006_AFC_U-19_Women%27s_Championship&oldid=1374976951
U20-2006-F-10,2006,final,Group stage,A,2006-04-12,"MBPJ Stadium, Petaling Jaya",IND,JPN,0,6,,,,,https://en.wikipedia.org/w/index.php?title=2006_AFC_U-19_Women%27s_Championship&oldid=1374976951
U20-2006-F-11,2006,final,Group stage,B,2006-04-13,"KLFA Stadium, Kuala Lumpur",CHN,MAS,22,0,,,,,https://en.wikipedia.org/w/index.php?title=2006_AFC_U-19_Women%27s_Championship&oldid=1374976951
U20-2006-F-12,2006,final,Group stage,B,2006-04-13,"MBPJ Stadium, Petaling Jaya",AUS,JOR,7,0,,,,,https://en.wikipedia.org/w/index.php?title=2006_AFC_U-19_Women%27s_Championship&oldid=1374976951
U20-2006-F-13,2006,final,Semi-final,,2006-04-15,"KLFA Stadium, Kuala Lumpur",JPN,CHN,1,1,,3,5,No extra time in the source; straight to penalties,https://en.wikipedia.org/w/index.php?title=2006_AFC_U-19_Women%27s_Championship&oldid=1374976951
U20-2006-F-14,2006,final,Semi-final,,2006-04-15,"KLFA Stadium, Kuala Lumpur",AUS,PRK,2,4,,,,,https://en.wikipedia.org/w/index.php?title=2006_AFC_U-19_Women%27s_Championship&oldid=1374976951
U20-2006-F-15,2006,final,Third place,,2006-04-18,"KLFA Stadium, Kuala Lumpur",JPN,AUS,2,3,,,,,https://en.wikipedia.org/w/index.php?title=2006_AFC_U-19_Women%27s_Championship&oldid=1374976951
U20-2006-F-16,2006,final,Final,,2006-04-18,"KLFA Stadium, Kuala Lumpur",CHN,PRK,1,0,,,,,https://en.wikipedia.org/w/index.php?title=2006_AFC_U-19_Women%27s_Championship&oldid=1374976951
U20-2007-F-01,2007,final,Group stage,B,2007-10-05,Chongqing Olympic Sports Centre,KOR,TPE,6,0,,,,,https://en.wikipedia.org/w/index.php?title=2007_AFC_U-19_Women%27s_Championship&oldid=1374976920
U20-2007-F-02,2007,final,Group stage,B,2007-10-05,Chongqing Olympic Sports Centre,CHN,THA,2,0,,,,,https://en.wikipedia.org/w/index.php?title=2007_AFC_U-19_Women%27s_Championship&oldid=1374976920
U20-2007-F-03,2007,final,Group stage,A,2007-10-06,Chongqing Olympic Sports Centre,PRK,MYA,3,0,,,,,https://en.wikipedia.org/w/index.php?title=2007_AFC_U-19_Women%27s_Championship&oldid=1374976920
U20-2007-F-04,2007,final,Group stage,A,2007-10-06,Chongqing Olympic Sports Centre,JPN,AUS,1,0,,,,,https://en.wikipedia.org/w/index.php?title=2007_AFC_U-19_Women%27s_Championship&oldid=1374976920
U20-2007-F-05,2007,final,Group stage,B,2007-10-07,Chongqing Olympic Sports Centre,THA,KOR,1,3,,,,,https://en.wikipedia.org/w/index.php?title=2007_AFC_U-19_Women%27s_Championship&oldid=1374976920
U20-2007-F-06,2007,final,Group stage,B,2007-10-07,Chongqing Olympic Sports Centre,TPE,CHN,0,5,,,,,https://en.wikipedia.org/w/index.php?title=2007_AFC_U-19_Women%27s_Championship&oldid=1374976920
U20-2007-F-07,2007,final,Group stage,A,2007-10-08,Chongqing Olympic Sports Centre,MYA,JPN,0,8,,,,,https://en.wikipedia.org/w/index.php?title=2007_AFC_U-19_Women%27s_Championship&oldid=1374976920
U20-2007-F-08,2007,final,Group stage,A,2007-10-08,Chongqing Olympic Sports Centre,AUS,PRK,1,2,,,,,https://en.wikipedia.org/w/index.php?title=2007_AFC_U-19_Women%27s_Championship&oldid=1374976920
U20-2007-F-09,2007,final,Group stage,B,2007-10-09,Chongqing Olympic Sports Centre,THA,TPE,2,0,,,,,https://en.wikipedia.org/w/index.php?title=2007_AFC_U-19_Women%27s_Championship&oldid=1374976920
U20-2007-F-10,2007,final,Group stage,B,2007-10-09,Datianwan Stadium,CHN,KOR,1,1,,,,,https://en.wikipedia.org/w/index.php?title=2007_AFC_U-19_Women%27s_Championship&oldid=1374976920
U20-2007-F-11,2007,final,Group stage,A,2007-10-10,Chongqing Olympic Sports Centre,PRK,JPN,3,1,,,,,https://en.wikipedia.org/w/index.php?title=2007_AFC_U-19_Women%27s_Championship&oldid=1374976920
U20-2007-F-12,2007,final,Group stage,A,2007-10-10,Datianwan Stadium,AUS,MYA,2,1,,,,,https://en.wikipedia.org/w/index.php?title=2007_AFC_U-19_Women%27s_Championship&oldid=1374976920
U20-2007-F-13,2007,final,Semi-final,,2007-10-13,Chongqing Olympic Sports Centre,KOR,JPN,0,0,,5,6,No extra time in the source; straight to penalties,https://en.wikipedia.org/w/index.php?title=2007_AFC_U-19_Women%27s_Championship&oldid=1374976920
U20-2007-F-14,2007,final,Semi-final,,2007-10-13,Chongqing Olympic Sports Centre,PRK,CHN,4,1,,,,,https://en.wikipedia.org/w/index.php?title=2007_AFC_U-19_Women%27s_Championship&oldid=1374976920
U20-2007-F-15,2007,final,Third place,,2007-10-16,Chongqing Olympic Sports Centre,KOR,CHN,0,1,,,,,https://en.wikipedia.org/w/index.php?title=2007_AFC_U-19_Women%27s_Championship&oldid=1374976920
U20-2007-F-16,2007,final,Final,,2007-10-16,Chongqing Olympic Sports Centre,PRK,JPN,1,0,,,,,https://en.wikipedia.org/w/index.php?title=2007_AFC_U-19_Women%27s_Championship&oldid=1374976920
U20-2009-F-01,2009,final,Group stage,B,2009-08-01,"Hankou Cultural Sports Centre, Wuhan",JPN,AUS,1,1,,,,,https://en.wikipedia.org/w/index.php?title=2009_AFC_U-19_Women%27s_Championship&oldid=1371410471
U20-2009-F-02,2009,final,Group stage,B,2009-08-01,"Hankou Cultural Sports Centre, Wuhan",CHN,TPE,2,0,,,,,https://en.wikipedia.org/w/index.php?title=2009_AFC_U-19_Women%27s_Championship&oldid=1371410471
U20-2009-F-03,2009,final,Group stage,A,2009-08-02,"Hankou Cultural Sports Centre, Wuhan",PRK,THA,4,0,,,,,https://en.wikipedia.org/w/index.php?title=2009_AFC_U-19_Women%27s_Championship&oldid=1371410471
U20-2009-F-04,2009,final,Group stage,A,2009-08-02,"Hankou Cultural Sports Centre, Wuhan",KOR,VIE,3,0,,,,,https://en.wikipedia.org/w/index.php?title=2009_AFC_U-19_Women%27s_Championship&oldid=1371410471
U20-2009-F-05,2009,final,Group stage,B,2009-08-03,"Hankou Cultural Sports Centre, Wuhan",TPE,JPN,0,5,,,,,https://en.wikipedia.org/w/index.php?title=2009_AFC_U-19_Women%27s_Championship&oldid=1371410471
U20-2009-F-06,2009,final,Group stage,B,2009-08-03,"Hankou Cultural Sports Centre, Wuhan",AUS,CHN,1,2,,,,,https://en.wikipedia.org/w/index.php?title=2009_AFC_U-19_Women%27s_Championship&oldid=1371410471
U20-2009-F-07,2009,final,Group stage,A,2009-08-04,"Hankou Cultural Sports Centre, Wuhan",THA,KOR,0,5,,,,,https://en.wikipedia.org/w/index.php?title=2009_AFC_U-19_Women%27s_Championship&oldid=1371410471
U20-2009-F-08,2009,final,Group stage,A,2009-08-04,"Hankou Cultural Sports Centre, Wuhan",VIE,PRK,0,6,,,,,https://en.wikipedia.org/w/index.php?title=2009_AFC_U-19_Women%27s_Championship&oldid=1371410471
U20-2009-F-09,2009,final,Group stage,B,2009-08-05,"Hankou Cultural Sports Centre, Wuhan",JPN,CHN,1,1,,,,,https://en.wikipedia.org/w/index.php?title=2009_AFC_U-19_Women%27s_Championship&oldid=1371410471
U20-2009-F-10,2009,final,Group stage,B,2009-08-05,"Xinhua Road Sports Center, Wuhan",TPE,AUS,0,4,,,,,https://en.wikipedia.org/w/index.php?title=2009_AFC_U-19_Women%27s_Championship&oldid=1371410471
U20-2009-F-11,2009,final,Group stage,A,2009-08-06,"Hankou Cultural Sports Centre, Wuhan",PRK,KOR,3,0,,,,,https://en.wikipedia.org/w/index.php?title=2009_AFC_U-19_Women%27s_Championship&oldid=1371410471
U20-2009-F-12,2009,final,Group stage,A,2009-08-06,"Xinhua Road Sports Center, Wuhan",VIE,THA,2,1,,,,,https://en.wikipedia.org/w/index.php?title=2009_AFC_U-19_Women%27s_Championship&oldid=1371410471
U20-2009-F-13,2009,final,Semi-final,,2009-08-09,"Hankou Cultural Sports Centre, Wuhan",PRK,JPN,0,1,,,,Source gives day and month only; year taken from the edition,https://en.wikipedia.org/w/index.php?title=2009_AFC_U-19_Women%27s_Championship&oldid=1371410471
U20-2009-F-14,2009,final,Semi-final,,2009-08-09,"Hankou Cultural Sports Centre, Wuhan",CHN,KOR,0,1,,,,Source gives day and month only; year taken from the edition,https://en.wikipedia.org/w/index.php?title=2009_AFC_U-19_Women%27s_Championship&oldid=1371410471
U20-2009-F-15,2009,final,Third place,,2009-08-12,"Hankou Cultural Sports Centre, Wuhan",PRK,CHN,1,0,,,,Source gives day and month only; year taken from the edition,https://en.wikipedia.org/w/index.php?title=2009_AFC_U-19_Women%27s_Championship&oldid=1371410471
U20-2009-F-16,2009,final,Final,,2009-08-12,"Hankou Cultural Sports Centre, Wuhan",JPN,KOR,2,1,,,,Source gives day and month only; year taken from the edition,https://en.wikipedia.org/w/index.php?title=2009_AFC_U-19_Women%27s_Championship&oldid=1371410471
U20-2011-F-01,2011,final,Group stage,A,2011-10-06,"Thong Nhat Stadium, Ho Chi Minh City",VIE,AUS,3,4,,,,Single round-robin; no group letter on the source,https://en.wikipedia.org/w/index.php?title=2011_AFC_U-19_Women%27s_Championship&oldid=1371419336
U20-2011-F-02,2011,final,Group stage,A,2011-10-06,"Thanh Long Sports Centre, Ho Chi Minh City",JPN,CHN,1,1,,,,Single round-robin; no group letter on the source,https://en.wikipedia.org/w/index.php?title=2011_AFC_U-19_Women%27s_Championship&oldid=1371419336
U20-2011-F-03,2011,final,Group stage,A,2011-10-06,"Thong Nhat Stadium, Ho Chi Minh City",KOR,PRK,1,2,,,,Single round-robin; no group letter on the source,https://en.wikipedia.org/w/index.php?title=2011_AFC_U-19_Women%27s_Championship&oldid=1371419336
U20-2011-F-04,2011,final,Group stage,A,2011-10-08,"Thong Nhat Stadium, Ho Chi Minh City",JPN,KOR,3,1,,,,Single round-robin; no group letter on the source,https://en.wikipedia.org/w/index.php?title=2011_AFC_U-19_Women%27s_Championship&oldid=1371419336
U20-2011-F-05,2011,final,Group stage,A,2011-10-08,"Thanh Long Sports Centre, Ho Chi Minh City",PRK,AUS,1,0,,,,Single round-robin; no group letter on the source,https://en.wikipedia.org/w/index.php?title=2011_AFC_U-19_Women%27s_Championship&oldid=1371419336
U20-2011-F-06,2011,final,Group stage,A,2011-10-08,"Thong Nhat Stadium, Ho Chi Minh City",CHN,VIE,2,1,,,,Single round-robin; no group letter on the source,https://en.wikipedia.org/w/index.php?title=2011_AFC_U-19_Women%27s_Championship&oldid=1371419336
U20-2011-F-07,2011,final,Group stage,A,2011-10-10,"Thanh Long Sports Centre, Ho Chi Minh City",CHN,KOR,1,1,,,,Single round-robin; no group letter on the source,https://en.wikipedia.org/w/index.php?title=2011_AFC_U-19_Women%27s_Championship&oldid=1371419336
U20-2011-F-08,2011,final,Group stage,A,2011-10-10,"Thong Nhat Stadium, Ho Chi Minh City",AUS,JPN,0,1,,,,Single round-robin; no group letter on the source,https://en.wikipedia.org/w/index.php?title=2011_AFC_U-19_Women%27s_Championship&oldid=1371419336
U20-2011-F-09,2011,final,Group stage,A,2011-10-10,"Thong Nhat Stadium, Ho Chi Minh City",VIE,PRK,0,5,,,,Single round-robin; no group letter on the source,https://en.wikipedia.org/w/index.php?title=2011_AFC_U-19_Women%27s_Championship&oldid=1371419336
U20-2011-F-10,2011,final,Group stage,A,2011-10-13,"Thanh Long Sports Centre, Ho Chi Minh City",PRK,JPN,1,2,,,,Single round-robin; no group letter on the source,https://en.wikipedia.org/w/index.php?title=2011_AFC_U-19_Women%27s_Championship&oldid=1371419336
U20-2011-F-11,2011,final,Group stage,A,2011-10-13,"Thong Nhat Stadium, Ho Chi Minh City",AUS,CHN,1,3,,,,Single round-robin; no group letter on the source,https://en.wikipedia.org/w/index.php?title=2011_AFC_U-19_Women%27s_Championship&oldid=1371419336
U20-2011-F-12,2011,final,Group stage,A,2011-10-13,"Thong Nhat Stadium, Ho Chi Minh City",KOR,VIE,4,1,,,,Single round-robin; no group letter on the source,https://en.wikipedia.org/w/index.php?title=2011_AFC_U-19_Women%27s_Championship&oldid=1371419336
U20-2011-F-13,2011,final,Group stage,A,2011-10-16,"Thanh Long Sports Centre, Ho Chi Minh City",AUS,KOR,2,4,,,,Single round-robin; no group letter on the source,https://en.wikipedia.org/w/index.php?title=2011_AFC_U-19_Women%27s_Championship&oldid=1371419336
U20-2011-F-14,2011,final,Group stage,A,2011-10-16,"Thong Nhat Stadium, Ho Chi Minh City",CHN,PRK,0,4,,,,Single round-robin; no group letter on the source,https://en.wikipedia.org/w/index.php?title=2011_AFC_U-19_Women%27s_Championship&oldid=1371419336
U20-2011-F-15,2011,final,Group stage,A,2011-10-16,"Thong Nhat Stadium, Ho Chi Minh City",VIE,JPN,0,6,,,,Single round-robin; no group letter on the source,https://en.wikipedia.org/w/index.php?title=2011_AFC_U-19_Women%27s_Championship&oldid=1371419336
U20-2013-F-01,2013,final,Group stage,A,2013-10-11,"Jiangning Sports Center, Nanjing",CHN,KOR,2,2,,,,Single round-robin; no group letter on the source,https://en.wikipedia.org/w/index.php?title=2013_AFC_U-19_Women%27s_Championship&oldid=1324754201
U20-2013-F-02,2013,final,Group stage,A,2013-10-11,"Jiangning Sports Center, Nanjing",JPN,MYA,7,0,,,,Single round-robin; no group letter on the source,https://en.wikipedia.org/w/index.php?title=2013_AFC_U-19_Women%27s_Championship&oldid=1324754201
U20-2013-F-03,2013,final,Group stage,A,2013-10-11,"Jiangsu Football Training Base Stadium, Nanjing",PRK,AUS,6,2,,,,Single round-robin; no group letter on the source,https://en.wikipedia.org/w/index.php?title=2013_AFC_U-19_Women%27s_Championship&oldid=1324754201
U20-2013-F-04,2013,final,Group stage,A,2013-10-13,"Jiangsu Football Training Base Stadium, Nanjing",KOR,MYA,7,0,,,,Single round-robin; no group letter on the source,https://en.wikipedia.org/w/index.php?title=2013_AFC_U-19_Women%27s_Championship&oldid=1324754201
U20-2013-F-05,2013,final,Group stage,A,2013-10-13,"Jiangning Sports Center, Nanjing",AUS,JPN,0,2,,,,Single round-robin; no group letter on the source,https://en.wikipedia.org/w/index.php?title=2013_AFC_U-19_Women%27s_Championship&oldid=1324754201
U20-2013-F-06,2013,final,Group stage,A,2013-10-13,"Jiangning Sports Center, Nanjing",PRK,CHN,1,0,,,,Single round-robin; no group letter on the source,https://en.wikipedia.org/w/index.php?title=2013_AFC_U-19_Women%27s_Championship&oldid=1324754201
U20-2013-F-07,2013,final,Group stage,A,2013-10-15,"Jiangning Sports Center, Nanjing",JPN,KOR,0,2,,,,Single round-robin; no group letter on the source,https://en.wikipedia.org/w/index.php?title=2013_AFC_U-19_Women%27s_Championship&oldid=1324754201
U20-2013-F-08,2013,final,Group stage,A,2013-10-15,"Jiangsu Football Training Base Stadium, Nanjing",MYA,PRK,0,2,,,,Single round-robin; no group letter on the source,https://en.wikipedia.org/w/index.php?title=2013_AFC_U-19_Women%27s_Championship&oldid=1324754201
U20-2013-F-09,2013,final,Group stage,A,2013-10-15,"Jiangning Sports Center, Nanjing",AUS,CHN,1,2,,,,Single round-robin; no group letter on the source,https://en.wikipedia.org/w/index.php?title=2013_AFC_U-19_Women%27s_Championship&oldid=1324754201
U20-2013-F-10,2013,final,Group stage,A,2013-10-18,"Jiangsu Football Training Base Stadium, Nanjing",MYA,AUS,0,2,,,,Single round-robin; no group letter on the source,https://en.wikipedia.org/w/index.php?title=2013_AFC_U-19_Women%27s_Championship&oldid=1324754201
U20-2013-F-11,2013,final,Group stage,A,2013-10-18,"Jiangning Sports Center, Nanjing",KOR,PRK,2,1,,,,Single round-robin; no group letter on the source,https://en.wikipedia.org/w/index.php?title=2013_AFC_U-19_Women%27s_Championship&oldid=1324754201
U20-2013-F-12,2013,final,Group stage,A,2013-10-18,"Jiangning Sports Center, Nanjing",CHN,JPN,2,2,,,,Single round-robin; no group letter on the source,https://en.wikipedia.org/w/index.php?title=2013_AFC_U-19_Women%27s_Championship&oldid=1324754201
U20-2013-F-13,2013,final,Group stage,A,2013-10-20,"Jiangning Sports Center, Nanjing",JPN,PRK,0,0,,,,Single round-robin; no group letter on the source,https://en.wikipedia.org/w/index.php?title=2013_AFC_U-19_Women%27s_Championship&oldid=1324754201
U20-2013-F-14,2013,final,Group stage,A,2013-10-20,"Jiangsu Football Training Base Stadium, Nanjing",AUS,KOR,1,2,,,,Single round-robin; no group letter on the source,https://en.wikipedia.org/w/index.php?title=2013_AFC_U-19_Women%27s_Championship&oldid=1324754201
U20-2013-F-15,2013,final,Group stage,A,2013-10-20,"Jiangning Sports Center, Nanjing",MYA,CHN,0,8,,,,Single round-robin; no group letter on the source,https://en.wikipedia.org/w/index.php?title=2013_AFC_U-19_Women%27s_Championship&oldid=1324754201
U20-2015-F-01,2015,final,Group stage,A,2015-08-18,"Jiangsu Training Base Stadium, Nanjing",JPN,AUS,2,0,,,,,https://en.wikipedia.org/w/index.php?title=2015_AFC_U-19_Women%27s_Championship&oldid=1343950456
U20-2015-F-02,2015,final,Group stage,A,2015-08-18,"Jiangning Sports Center, Nanjing",CHN,UZB,9,0,,,,,https://en.wikipedia.org/w/index.php?title=2015_AFC_U-19_Women%27s_Championship&oldid=1343950456
U20-2015-F-03,2015,final,Group stage,B,2015-08-19,"Jiangsu Training Base Stadium, Nanjing",KOR,IRN,13,0,,,,,https://en.wikipedia.org/w/index.php?title=2015_AFC_U-19_Women%27s_Championship&oldid=1343950456
U20-2015-F-04,2015,final,Group stage,B,2015-08-19,"Jiangning Sports Center, Nanjing",PRK,THA,5,0,,,,,https://en.wikipedia.org/w/index.php?title=2015_AFC_U-19_Women%27s_Championship&oldid=1343950456
U20-2015-F-05,2015,final,Group stage,A,2015-08-20,"Jiangsu Training Base Stadium, Nanjing",UZB,JPN,0,6,,,,,https://en.wikipedia.org/w/index.php?title=2015_AFC_U-19_Women%27s_Championship&oldid=1343950456
U20-2015-F-06,2015,final,Group stage,A,2015-08-20,"Jiangning Sports Center, Nanjing",AUS,CHN,1,2,,,,,https://en.wikipedia.org/w/index.php?title=2015_AFC_U-19_Women%27s_Championship&oldid=1343950456
U20-2015-F-07,2015,final,Group stage,B,2015-08-21,"Jiangsu Training Base Stadium, Nanjing",THA,KOR,0,3,,,,,https://en.wikipedia.org/w/index.php?title=2015_AFC_U-19_Women%27s_Championship&oldid=1343950456
U20-2015-F-08,2015,final,Group stage,B,2015-08-21,"Jiangning Sports Center, Nanjing",IRN,PRK,0,9,,,,,https://en.wikipedia.org/w/index.php?title=2015_AFC_U-19_Women%27s_Championship&oldid=1343950456
U20-2015-F-09,2015,final,Group stage,A,2015-08-22,"Jiangning Sports Center, Nanjing",CHN,JPN,2,3,,,,,https://en.wikipedia.org/w/index.php?title=2015_AFC_U-19_Women%27s_Championship&oldid=1343950456
U20-2015-F-10,2015,final,Group stage,A,2015-08-22,"Jiangsu Training Base Stadium, Nanjing",AUS,UZB,2,0,,,,,https://en.wikipedia.org/w/index.php?title=2015_AFC_U-19_Women%27s_Championship&oldid=1343950456
U20-2015-F-11,2015,final,Group stage,B,2015-08-23,"Jiangning Sports Center, Nanjing",KOR,PRK,0,1,,,,,https://en.wikipedia.org/w/index.php?title=2015_AFC_U-19_Women%27s_Championship&oldid=1343950456
U20-2015-F-12,2015,final,Group stage,B,2015-08-23,"Jiangsu Training Base Stadium, Nanjing",THA,IRN,7,1,,,,,https://en.wikipedia.org/w/index.php?title=2015_AFC_U-19_Women%27s_Championship&oldid=1343950456
U20-2015-F-13,2015,final,Semi-final,,2015-08-26,"Jiangning Sports Center, Nanjing",JPN,KOR,1,0,,,,,https://en.wikipedia.org/w/index.php?title=2015_AFC_U-19_Women%27s_Championship&oldid=1343950456
U20-2015-F-14,2015,final,Semi-final,,2015-08-26,"Jiangning Sports Center, Nanjing",PRK,CHN,2,0,,,,,https://en.wikipedia.org/w/index.php?title=2015_AFC_U-19_Women%27s_Championship&oldid=1343950456
U20-2015-F-15,2015,final,Third place,,2015-08-29,"Jiangning Sports Center, Nanjing",KOR,CHN,4,0,,,,,https://en.wikipedia.org/w/index.php?title=2015_AFC_U-19_Women%27s_Championship&oldid=1343950456
U20-2015-F-16,2015,final,Final,,2015-08-29,"Jiangning Sports Center, Nanjing",JPN,PRK,0,0,1,4,2,,https://en.wikipedia.org/w/index.php?title=2015_AFC_U-19_Women%27s_Championship&oldid=1343950456
U20-2017-F-01,2017,final,Group stage,A,2017-10-15,"Jiangning Sports Center, Nanjing",CHN,UZB,2,0,,,,,https://en.wikipedia.org/w/index.php?title=2017_AFC_U-19_Women%27s_Championship&oldid=1354645926
U20-2017-F-02,2017,final,Group stage,A,2017-10-15,"Jiangning Sports Center, Nanjing",PRK,THA,9,0,,,,,https://en.wikipedia.org/w/index.php?title=2017_AFC_U-19_Women%27s_Championship&oldid=1354645926
U20-2017-F-03,2017,final,Group stage,B,2017-10-16,"Jiangsu Training Base Stadium, Nanjing",KOR,AUS,0,2,,,,,https://en.wikipedia.org/w/index.php?title=2017_AFC_U-19_Women%27s_Championship&oldid=1354645926
U20-2017-F-04,2017,final,Group stage,B,2017-10-16,"Jiangning Sports Center, Nanjing",JPN,VIE,8,0,,,,,https://en.wikipedia.org/w/index.php?title=2017_AFC_U-19_Women%27s_Championship&oldid=1354645926
U20-2017-F-05,2017,final,Group stage,A,2017-10-18,"Jiangning Sports Center, Nanjing",THA,CHN,0,2,,,,,https://en.wikipedia.org/w/index.php?title=2017_AFC_U-19_Women%27s_Championship&oldid=1354645926
U20-2017-F-06,2017,final,Group stage,A,2017-10-18,"Jiangning Sports Center, Nanjing",UZB,PRK,0,2,,,,,https://en.wikipedia.org/w/index.php?title=2017_AFC_U-19_Women%27s_Championship&oldid=1354645926
U20-2017-F-07,2017,final,Group stage,B,2017-10-19,"Jiangsu Training Base Stadium, Nanjing",VIE,KOR,0,5,,,,,https://en.wikipedia.org/w/index.php?title=2017_AFC_U-19_Women%27s_Championship&oldid=1354645926
U20-2017-F-08,2017,final,Group stage,B,2017-10-19,"Jiangning Sports Center, Nanjing",AUS,JPN,1,5,,,,,https://en.wikipedia.org/w/index.php?title=2017_AFC_U-19_Women%27s_Championship&oldid=1354645926
U20-2017-F-09,2017,final,Group stage,A,2017-10-21,"Jiangning Sports Center, Nanjing",CHN,PRK,0,2,,,,,https://en.wikipedia.org/w/index.php?title=2017_AFC_U-19_Women%27s_Championship&oldid=1354645926
U20-2017-F-10,2017,final,Group stage,A,2017-10-21,"Jiangsu Training Base Stadium, Nanjing",THA,UZB,2,2,,,,,https://en.wikipedia.org/w/index.php?title=2017_AFC_U-19_Women%27s_Championship&oldid=1354645926
U20-2017-F-11,2017,final,Group stage,B,2017-10-22,"Jiangning Sports Center, Nanjing",JPN,KOR,2,0,,,,,https://en.wikipedia.org/w/index.php?title=2017_AFC_U-19_Women%27s_Championship&oldid=1354645926
U20-2017-F-12,2017,final,Group stage,B,2017-10-22,"Jiangsu Training Base Stadium, Nanjing",AUS,VIE,5,2,,,,,https://en.wikipedia.org/w/index.php?title=2017_AFC_U-19_Women%27s_Championship&oldid=1354645926
U20-2017-F-13,2017,final,Semi-final,,2017-10-25,"Jiangning Sports Center, Nanjing",PRK,AUS,3,0,,,,,https://en.wikipedia.org/w/index.php?title=2017_AFC_U-19_Women%27s_Championship&oldid=1354645926
U20-2017-F-14,2017,final,Semi-final,,2017-10-25,"Jiangning Sports Center, Nanjing",JPN,CHN,5,0,,,,,https://en.wikipedia.org/w/index.php?title=2017_AFC_U-19_Women%27s_Championship&oldid=1354645926
U20-2017-F-15,2017,final,Third place,,2017-10-28,"Jiangning Sports Center, Nanjing",AUS,CHN,0,3,,,,,https://en.wikipedia.org/w/index.php?title=2017_AFC_U-19_Women%27s_Championship&oldid=1354645926
U20-2017-F-16,2017,final,Final,,2017-10-28,"Jiangning Sports Center, Nanjing",PRK,JPN,0,1,,,,,https://en.wikipedia.org/w/index.php?title=2017_AFC_U-19_Women%27s_Championship&oldid=1354645926
U20-2019-F-01,2019,final,Group stage,A,2019-10-27,"IPE Chonburi Stadium, Chonburi",PRK,AUS,5,1,,,,,https://en.wikipedia.org/w/index.php?title=2019_AFC_U-19_Women%27s_Championship&oldid=1354058567
U20-2019-F-02,2019,final,Group stage,A,2019-10-27,"Chonburi Stadium, Chonburi",THA,VIE,0,2,,,,,https://en.wikipedia.org/w/index.php?title=2019_AFC_U-19_Women%27s_Championship&oldid=1354058567
U20-2019-F-03,2019,final,Group stage,B,2019-10-28,"IPE Chonburi Stadium, Chonburi",JPN,MYA,5,0,,,,,https://en.wikipedia.org/w/index.php?title=2019_AFC_U-19_Women%27s_Championship&oldid=1354058567
U20-2019-F-04,2019,final,Group stage,B,2019-10-28,"Chonburi Stadium, Chonburi",CHN,KOR,1,2,,,,,https://en.wikipedia.org/w/index.php?title=2019_AFC_U-19_Women%27s_Championship&oldid=1354058567
U20-2019-F-05,2019,final,Group stage,A,2019-10-30,"IPE Chonburi Stadium, Chonburi",VIE,PRK,0,3,,,,,https://en.wikipedia.org/w/index.php?title=2019_AFC_U-19_Women%27s_Championship&oldid=1354058567
U20-2019-F-06,2019,final,Group stage,A,2019-10-30,"Chonburi Stadium, Chonburi",AUS,THA,3,1,,,,,https://en.wikipedia.org/w/index.php?title=2019_AFC_U-19_Women%27s_Championship&oldid=1354058567
U20-2019-F-07,2019,final,Group stage,B,2019-10-31,"IPE Chonburi Stadium, Chonburi",MYA,CHN,1,5,,,,,https://en.wikipedia.org/w/index.php?title=2019_AFC_U-19_Women%27s_Championship&oldid=1354058567
U20-2019-F-08,2019,final,Group stage,B,2019-10-31,"Chonburi Stadium, Chonburi",KOR,JPN,0,2,,,,,https://en.wikipedia.org/w/index.php?title=2019_AFC_U-19_Women%27s_Championship&oldid=1354058567
U20-2019-F-09,2019,final,Group stage,A,2019-11-02,"Chonburi Stadium, Chonburi",THA,PRK,1,3,,,,,https://en.wikipedia.org/w/index.php?title=2019_AFC_U-19_Women%27s_Championship&oldid=1354058567
U20-2019-F-10,2019,final,Group stage,A,2019-11-02,"IPE Chonburi Stadium, Chonburi",AUS,VIE,1,0,,,,,https://en.wikipedia.org/w/index.php?title=2019_AFC_U-19_Women%27s_Championship&oldid=1354058567
U20-2019-F-11,2019,final,Group stage,B,2019-11-03,"Chonburi Stadium, Chonburi",JPN,CHN,2,1,,,,,https://en.wikipedia.org/w/index.php?title=2019_AFC_U-19_Women%27s_Championship&oldid=1354058567
U20-2019-F-12,2019,final,Group stage,B,2019-11-03,"IPE Chonburi Stadium, Chonburi",KOR,MYA,1,0,,,,,https://en.wikipedia.org/w/index.php?title=2019_AFC_U-19_Women%27s_Championship&oldid=1354058567
U20-2019-F-13,2019,final,Semi-final,,2019-11-06,"Chonburi Stadium, Chonburi",PRK,KOR,3,1,,,,,https://en.wikipedia.org/w/index.php?title=2019_AFC_U-19_Women%27s_Championship&oldid=1354058567
U20-2019-F-14,2019,final,Semi-final,,2019-11-06,"Chonburi Stadium, Chonburi",JPN,AUS,7,0,,,,,https://en.wikipedia.org/w/index.php?title=2019_AFC_U-19_Women%27s_Championship&oldid=1354058567
U20-2019-F-15,2019,final,Third place,,2019-11-09,"Chonburi Stadium, Chonburi",KOR,AUS,9,1,,,,,https://en.wikipedia.org/w/index.php?title=2019_AFC_U-19_Women%27s_Championship&oldid=1354058567
U20-2019-F-16,2019,final,Final,,2019-11-09,"Chonburi Stadium, Chonburi",PRK,JPN,1,2,,,,,https://en.wikipedia.org/w/index.php?title=2019_AFC_U-19_Women%27s_Championship&oldid=1354058567
U20-2024-F-01,2024,final,Group stage,A,2024-03-03,"Do'stlik Stadium, Tashkent",KOR,AUS,1,2,,,,AFC match centre: https://www.the-afc.com/en/matches/afc-u20-womens-asian-cup/2024/2417228,https://en.wikipedia.org/w/index.php?title=2024_AFC_U-20_Women%27s_Asian_Cup&oldid=1347722767
U20-2024-F-02,2024,final,Group stage,A,2024-03-03,"JAR Stadium, Tashkent",UZB,TPE,0,2,,,,AFC match centre: https://www.the-afc.com/en/matches/afc-u20-womens-asian-cup/2024/2417229,https://en.wikipedia.org/w/index.php?title=2024_AFC_U-20_Women%27s_Asian_Cup&oldid=1347722767
U20-2024-F-03,2024,final,Group stage,B,2024-03-04,"Do'stlik Stadium, Tashkent",PRK,CHN,1,1,,,,AFC match centre: https://www.the-afc.com/en/matches/afc-u20-womens-asian-cup/2024/2417234,https://en.wikipedia.org/w/index.php?title=2024_AFC_U-20_Women%27s_Asian_Cup&oldid=1347722767
U20-2024-F-04,2024,final,Group stage,B,2024-03-04,"JAR Stadium, Tashkent",JPN,VIE,10,0,,,,AFC match centre: https://www.the-afc.com/en/matches/afc-u20-womens-asian-cup/2024/2417235,https://en.wikipedia.org/w/index.php?title=2024_AFC_U-20_Women%27s_Asian_Cup&oldid=1347722767
U20-2024-F-05,2024,final,Group stage,A,2024-03-06,"Do'stlik Stadium, Tashkent",TPE,KOR,0,6,,,,AFC match centre: https://www.the-afc.com/en/matches/afc-u20-womens-asian-cup/2024/2417230,https://en.wikipedia.org/w/index.php?title=2024_AFC_U-20_Women%27s_Asian_Cup&oldid=1347722767
U20-2024-F-06,2024,final,Group stage,A,2024-03-06,"JAR Stadium, Tashkent",AUS,UZB,2,0,,,,AFC match centre: https://www.the-afc.com/en/matches/afc-u20-womens-asian-cup/2024/2417231,https://en.wikipedia.org/w/index.php?title=2024_AFC_U-20_Women%27s_Asian_Cup&oldid=1347722767
U20-2024-F-07,2024,final,Group stage,B,2024-03-07,"Do'stlik Stadium, Tashkent",VIE,PRK,0,6,,,,AFC match centre: https://www.the-afc.com/en/matches/afc-u20-womens-asian-cup/2024/2417236,https://en.wikipedia.org/w/index.php?title=2024_AFC_U-20_Women%27s_Asian_Cup&oldid=1347722767
U20-2024-F-08,2024,final,Group stage,B,2024-03-07,"JAR Stadium, Tashkent",CHN,JPN,0,2,,,,AFC match centre: https://www.the-afc.com/en/matches/afc-u20-womens-asian-cup/2024/2417237,https://en.wikipedia.org/w/index.php?title=2024_AFC_U-20_Women%27s_Asian_Cup&oldid=1347722767
U20-2024-F-09,2024,final,Group stage,A,2024-03-09,"JAR Stadium, Tashkent",UZB,KOR,0,13,,,,AFC match centre: https://www.the-afc.com/en/matches/afc-u20-womens-asian-cup/2024/2417233,https://en.wikipedia.org/w/index.php?title=2024_AFC_U-20_Women%27s_Asian_Cup&oldid=1347722767
U20-2024-F-10,2024,final,Group stage,A,2024-03-09,"Do'stlik Stadium, Tashkent",AUS,TPE,3,0,,,,AFC match centre: https://www.the-afc.com/en/matches/afc-u20-womens-asian-cup/2024/2417232,https://en.wikipedia.org/w/index.php?title=2024_AFC_U-20_Women%27s_Asian_Cup&oldid=1347722767
U20-2024-F-11,2024,final,Group stage,B,2024-03-10,"JAR Stadium, Tashkent",JPN,PRK,0,1,,,,AFC match centre: https://www.the-afc.com/en/matches/afc-u20-womens-asian-cup/2024/2417238,https://en.wikipedia.org/w/index.php?title=2024_AFC_U-20_Women%27s_Asian_Cup&oldid=1347722767
U20-2024-F-12,2024,final,Group stage,B,2024-03-10,"Do'stlik Stadium, Tashkent",CHN,VIE,6,1,,,,AFC match centre: https://www.the-afc.com/en/matches/afc-u20-womens-asian-cup/2024/2417239,https://en.wikipedia.org/w/index.php?title=2024_AFC_U-20_Women%27s_Asian_Cup&oldid=1347722767
U20-2024-F-13,2024,final,Semi-final,,2024-03-13,"JAR Stadium, Tashkent",AUS,JPN,1,5,,,,AFC match centre: https://www.the-afc.com/en/matches/afc-u20-womens-asian-cup/2024/2417241,https://en.wikipedia.org/w/index.php?title=2024_AFC_U-20_Women%27s_Asian_Cup&oldid=1347722767
U20-2024-F-14,2024,final,Semi-final,,2024-03-13,"Do'stlik Stadium, Tashkent",PRK,KOR,3,0,,,,AFC match centre: https://www.the-afc.com/en/matches/afc-u20-womens-asian-cup/2024/2417240,https://en.wikipedia.org/w/index.php?title=2024_AFC_U-20_Women%27s_Asian_Cup&oldid=1347722767
U20-2024-F-15,2024,final,Third place,,2024-03-16,"JAR Stadium, Tashkent",AUS,KOR,1,0,,,,AFC match centre: https://www.the-afc.com/en/matches/afc-u20-womens-asian-cup/2024/2417242,https://en.wikipedia.org/w/index.php?title=2024_AFC_U-20_Women%27s_Asian_Cup&oldid=1347722767
U20-2024-F-16,2024,final,Final,,2024-03-16,"JAR Stadium, Tashkent",JPN,PRK,1,2,,,,AFC match centre: https://www.the-afc.com/en/matches/afc-u20-womens-asian-cup/2024/2417243,https://en.wikipedia.org/w/index.php?title=2024_AFC_U-20_Women%27s_Asian_Cup&oldid=1347722767
U20-2026-F-01,2026,final,Group stage,A,2026-04-01,"Nonthaburi Province Stadium, Nonthaburi",CHN,VIE,3,0,,,,AFC match centre: https://www.the-afc.com/en/matches/afc-u20-womens-asian-cup/2026/2608825,https://en.wikipedia.org/w/index.php?title=2026_AFC_U-20_Women%27s_Asian_Cup&oldid=1378820207
U20-2026-F-02,2026,final,Group stage,A,2026-04-01,"Thammasat Stadium, Pathum Thani",THA,BAN,3,2,,,,AFC match centre: https://www.the-afc.com/en/matches/afc-u20-womens-asian-cup/2026/2608824,https://en.wikipedia.org/w/index.php?title=2026_AFC_U-20_Women%27s_Asian_Cup&oldid=1378820207
U20-2026-F-03,2026,final,Group stage,B,2026-04-02,"Nonthaburi Province Stadium, Nonthaburi",KOR,UZB,2,0,,,,AFC match centre: https://www.the-afc.com/en/matches/afc-u20-womens-asian-cup/2026/2608831,https://en.wikipedia.org/w/index.php?title=2026_AFC_U-20_Women%27s_Asian_Cup&oldid=1378820207
U20-2026-F-04,2026,final,Group stage,B,2026-04-02,"Pathum Thani Stadium, Pathum Thani",PRK,JOR,8,0,,,,AFC match centre: https://www.the-afc.com/en/matches/afc-u20-womens-asian-cup/2026/2608830,https://en.wikipedia.org/w/index.php?title=2026_AFC_U-20_Women%27s_Asian_Cup&oldid=1378820207
U20-2026-F-05,2026,final,Group stage,C,2026-04-02,"Pathum Thani Stadium, Pathum Thani",AUS,TPE,5,0,,,,AFC match centre: https://www.the-afc.com/en/matches/afc-u20-womens-asian-cup/2026/2608836,https://en.wikipedia.org/w/index.php?title=2026_AFC_U-20_Women%27s_Asian_Cup&oldid=1378820207
U20-2026-F-06,2026,final,Group stage,C,2026-04-02,"Thammasat Stadium, Pathum Thani",JPN,IND,6,0,,,,AFC match centre: https://www.the-afc.com/en/matches/afc-u20-womens-asian-cup/2026/2608837,https://en.wikipedia.org/w/index.php?title=2026_AFC_U-20_Women%27s_Asian_Cup&oldid=1378820207
U20-2026-F-07,2026,final,Group stage,A,2026-04-04,"Nonthaburi Province Stadium, Nonthaburi",BAN,CHN,0,2,,,,AFC match centre: https://www.the-afc.com/en/matches/afc-u20-womens-asian-cup/2026/2608827,https://en.wikipedia.org/w/index.php?title=2026_AFC_U-20_Women%27s_Asian_Cup&oldid=1378820207
U20-2026-F-08,2026,final,Group stage,A,2026-04-04,"Thammasat Stadium, Pathum Thani",VIE,THA,1,4,,,,AFC match centre: https://www.the-afc.com/en/matches/afc-u20-womens-asian-cup/2026/2608826,https://en.wikipedia.org/w/index.php?title=2026_AFC_U-20_Women%27s_Asian_Cup&oldid=1378820207
U20-2026-F-09,2026,final,Group stage,B,2026-04-05,"Nonthaburi Province Stadium, Nonthaburi",JOR,KOR,1,2,,,,AFC match centre: https://www.the-afc.com/en/matches/afc-u20-womens-asian-cup/2026/2608833,https://en.wikipedia.org/w/index.php?title=2026_AFC_U-20_Women%27s_Asian_Cup&oldid=1378820207
U20-2026-F-10,2026,final,Group stage,B,2026-04-05,"Pathum Thani Stadium, Pathum Thani",UZB,PRK,0,6,,,,AFC match centre: https://www.the-afc.com/en/matches/afc-u20-womens-asian-cup/2026/2608832,https://en.wikipedia.org/w/index.php?title=2026_AFC_U-20_Women%27s_Asian_Cup&oldid=1378820207
U20-2026-F-11,2026,final,Group stage,C,2026-04-05,"Pathum Thani Stadium, Pathum Thani",IND,AUS,0,5,,,,AFC match centre: https://www.the-afc.com/en/matches/afc-u20-womens-asian-cup/2026/2608838,https://en.wikipedia.org/w/index.php?title=2026_AFC_U-20_Women%27s_Asian_Cup&oldid=1378820207
U20-2026-F-12,2026,final,Group stage,C,2026-04-05,"Thammasat Stadium, Pathum Thani",TPE,JPN,0,2,,,,AFC match centre: https://www.the-afc.com/en/matches/afc-u20-womens-asian-cup/2026/2608839,https://en.wikipedia.org/w/index.php?title=2026_AFC_U-20_Women%27s_Asian_Cup&oldid=1378820207
U20-2026-F-13,2026,final,Group stage,A,2026-04-07,"Thammasat Stadium, Pathum Thani",THA,CHN,0,1,,,,AFC match centre: https://www.the-afc.com/en/matches/afc-u20-womens-asian-cup/2026/2608828,https://en.wikipedia.org/w/index.php?title=2026_AFC_U-20_Women%27s_Asian_Cup&oldid=1378820207
U20-2026-F-14,2026,final,Group stage,A,2026-04-07,"Nonthaburi Province Stadium, Nonthaburi",VIE,BAN,1,0,,,,AFC match centre: https://www.the-afc.com/en/matches/afc-u20-womens-asian-cup/2026/2608829,https://en.wikipedia.org/w/index.php?title=2026_AFC_U-20_Women%27s_Asian_Cup&oldid=1378820207
U20-2026-F-15,2026,final,Group stage,B,2026-04-08,"Thammasat Stadium, Pathum Thani",UZB,JOR,4,0,,,,AFC match centre: https://www.the-afc.com/en/matches/afc-u20-womens-asian-cup/2026/2608835,https://en.wikipedia.org/w/index.php?title=2026_AFC_U-20_Women%27s_Asian_Cup&oldid=1378820207
U20-2026-F-16,2026,final,Group stage,B,2026-04-08,"Pathum Thani Stadium, Pathum Thani",PRK,KOR,5,0,,,,AFC match centre: https://www.the-afc.com/en/matches/afc-u20-womens-asian-cup/2026/2608834,https://en.wikipedia.org/w/index.php?title=2026_AFC_U-20_Women%27s_Asian_Cup&oldid=1378820207
U20-2026-F-17,2026,final,Group stage,C,2026-04-08,"Nonthaburi Province Stadium, Nonthaburi",JPN,AUS,5,2,,,,AFC match centre: https://www.the-afc.com/en/matches/afc-u20-womens-asian-cup/2026/2608841,https://en.wikipedia.org/w/index.php?title=2026_AFC_U-20_Women%27s_Asian_Cup&oldid=1378820207
U20-2026-F-18,2026,final,Group stage,C,2026-04-08,"Pathum Thani Stadium, Pathum Thani",TPE,IND,1,3,,,,AFC match centre: https://www.the-afc.com/en/matches/afc-u20-womens-asian-cup/2026/2608840,https://en.wikipedia.org/w/index.php?title=2026_AFC_U-20_Women%27s_Asian_Cup&oldid=1378820207
U20-2026-F-19,2026,final,Quarter-final,,2026-04-11,"Pathum Thani Stadium, Pathum Thani",JPN,VIE,4,0,,,,AFC match centre: https://www.the-afc.com/en/matches/afc-u20-womens-asian-cup/2026/2608843,https://en.wikipedia.org/w/index.php?title=2026_AFC_U-20_Women%27s_Asian_Cup&oldid=1378820207
U20-2026-F-20,2026,final,Quarter-final,,2026-04-11,"Thammasat Stadium, Pathum Thani",CHN,UZB,2,1,,,,AFC match centre: https://www.the-afc.com/en/matches/afc-u20-womens-asian-cup/2026/2608842,https://en.wikipedia.org/w/index.php?title=2026_AFC_U-20_Women%27s_Asian_Cup&oldid=1378820207
U20-2026-F-21,2026,final,Quarter-final,,2026-04-12,"Pathum Thani Stadium, Pathum Thani",PRK,AUS,3,0,,,,AFC match centre: https://www.the-afc.com/en/matches/afc-u20-womens-asian-cup/2026/2608845,https://en.wikipedia.org/w/index.php?title=2026_AFC_U-20_Women%27s_Asian_Cup&oldid=1378820207
U20-2026-F-22,2026,final,Quarter-final,,2026-04-12,"Thammasat Stadium, Pathum Thani",THA,KOR,1,2,1,,,AFC match centre: https://www.the-afc.com/en/matches/afc-u20-womens-asian-cup/2026/2608844,https://en.wikipedia.org/w/index.php?title=2026_AFC_U-20_Women%27s_Asian_Cup&oldid=1378820207
U20-2026-F-23,2026,final,Semi-final,,2026-04-15,"Pathum Thani Stadium, Pathum Thani",PRK,KOR,3,0,,,,AFC match centre: https://www.the-afc.com/en/matches/afc-u20-womens-asian-cup/2026/2608860,https://en.wikipedia.org/w/index.php?title=2026_AFC_U-20_Women%27s_Asian_Cup&oldid=1378820207
U20-2026-F-24,2026,final,Semi-final,,2026-04-15,"Thammasat Stadium, Pathum Thani",CHN,JPN,0,2,,,,AFC match centre: https://www.the-afc.com/en/matches/afc-u20-womens-asian-cup/2026/2608859,https://en.wikipedia.org/w/index.php?title=2026_AFC_U-20_Women%27s_Asian_Cup&oldid=1378820207
U20-2026-F-25,2026,final,Final,,2026-04-18,"Thammasat Stadium, Pathum Thani",JPN,PRK,1,0,,,,AFC match centre: https://www.the-afc.com/en/matches/afc-u20-womens-asian-cup/2026/2608861,https://en.wikipedia.org/w/index.php?title=2026_AFC_U-20_Women%27s_Asian_Cup&oldid=1378820207
