year,phase,round,group,team,notes,source
2027,qualifying,Round 1,A,KOR,,https://en.wikipedia.org/w/index.php?title=2027_AFC_U-17_Women%27s_Asian_Cup_qualification&oldid=1378683887
2027,qualifying,Round 1,A,JOR,,https://en.wikipedia.org/w/index.php?title=2027_AFC_U-17_Women%27s_Asian_Cup_qualification&oldid=1378683887
2027,qualifying,Round 1,A,TJK,,https://en.wikipedia.org/w/index.php?title=2027_AFC_U-17_Women%27s_Asian_Cup_qualification&oldid=1378683887
2027,qualifying,Round 1,A,UAE,,https://en.wikipedia.org/w/index.php?title=2027_AFC_U-17_Women%27s_Asian_Cup_qualification&oldid=1378683887
2027,qualifying,Round 1,B,IDN,,https://en.wikipedia.org/w/index.php?title=2027_AFC_U-17_Women%27s_Asian_Cup_qualification&oldid=1378683887
2027,qualifying,Round 1,B,SIN,,https://en.wikipedia.org/w/index.php?title=2027_AFC_U-17_Women%27s_Asian_Cup_qualification&oldid=1378683887
2027,qualifying,Round 1,B,KSA,,https://en.wikipedia.org/w/index.php?title=2027_AFC_U-17_Women%27s_Asian_Cup_qualification&oldid=1378683887
2027,qualifying,Round 1,B,BHR,,https://en.wikipedia.org/w/index.php?title=2027_AFC_U-17_Women%27s_Asian_Cup_qualification&oldid=1378683887
2027,qualifying,Round 1,C,TPE,,https://en.wikipedia.org/w/index.php?title=2027_AFC_U-17_Women%27s_Asian_Cup_qualification&oldid=1378683887
2027,qualifying,Round 1,C,LAO,,https://en.wikipedia.org/w/index.php?title=2027_AFC_U-17_Women%27s_Asian_Cup_qualification&oldid=1378683887
2027,qualifying,Round 1,C,CAM,,https://en.wikipedia.org/w/index.php?title=2027_AFC_U-17_Women%27s_Asian_Cup_qualification&oldid=1378683887
2027,qualifying,Round 1,D,KGZ,,https://en.wikipedia.org/w/index.php?title=2027_AFC_U-17_Women%27s_Asian_Cup_qualification&oldid=1378683887
2027,qualifying,Round 1,D,VIE,,https://en.wikipedia.org/w/index.php?title=2027_AFC_U-17_Women%27s_Asian_Cup_qualification&oldid=1378683887
2027,qualifying,Round 1,D,PLE,,https://en.wikipedia.org/w/index.php?title=2027_AFC_U-17_Women%27s_Asian_Cup_qualification&oldid=1378683887
2027,qualifying,Round 1,D,MNP,,https://en.wikipedia.org/w/index.php?title=2027_AFC_U-17_Women%27s_Asian_Cup_qualification&oldid=1378683887
2027,qualifying,Round 1,E,IND,,https://en.wikipedia.org/w/index.php?title=2027_AFC_U-17_Women%27s_Asian_Cup_qualification&oldid=1378683887
2027,qualifying,Round 1,E,MAS,,https://en.wikipedia.org/w/index.php?title=2027_AFC_U-17_Women%27s_Asian_Cup_qualification&oldid=1378683887
2027,qualifying,Round 1,E,SYR,,https://en.wikipedia.org/w/index.php?title=2027_AFC_U-17_Women%27s_Asian_Cup_qualification&oldid=1378683887
2027,qualifying,Round 1,E,IRQ,,https://en.wikipedia.org/w/index.php?title=2027_AFC_U-17_Women%27s_Asian_Cup_qualification&oldid=1378683887
2027,qualifying,Round 1,F,LBN,,https://en.wikipedia.org/w/index.php?title=2027_AFC_U-17_Women%27s_Asian_Cup_qualification&oldid=1378683887
2027,qualifying,Round 1,F,THA,,https://en.wikipedia.org/w/index.php?title=2027_AFC_U-17_Women%27s_Asian_Cup_qualification&oldid=1378683887
2027,qualifying,Round 1,F,BHU,,https://en.wikipedia.org/w/index.php?title=2027_AFC_U-17_Women%27s_Asian_Cup_qualification&oldid=1378683887
2027,qualifying,Round 1,F,MAC,,https://en.wikipedia.org/w/index.php?title=2027_AFC_U-17_Women%27s_Asian_Cup_qualification&oldid=1378683887
2027,qualifying,Round 1,G,MYA,,https://en.wikipedia.org/w/index.php?title=2027_AFC_U-17_Women%27s_Asian_Cup_qualification&oldid=1378683887
2027,qualifying,Round 1,G,HKG,,https://en.wikipedia.org/w/index.php?title=2027_AFC_U-17_Women%27s_Asian_Cup_qualification&oldid=1378683887
2027,qualifying,Round 1,G,GUM,,https://en.wikipedia.org/w/index.php?title=2027_AFC_U-17_Women%27s_Asian_Cup_qualification&oldid=1378683887
2027,qualifying,Round 1,H,PHI,,https://en.wikipedia.org/w/index.php?title=2027_AFC_U-17_Women%27s_Asian_Cup_qualification&oldid=1378683887
2027,qualifying,Round 1,H,BAN,,https://en.wikipedia.org/w/index.php?title=2027_AFC_U-17_Women%27s_Asian_Cup_qualification&oldid=1378683887
2027,qualifying,Round 1,H,UZB,,https://en.wikipedia.org/w/index.php?title=2027_AFC_U-17_Women%27s_Asian_Cup_qualification&oldid=1378683887
