year,name,age_limit,host,start,end,status,champion,runner_up,third,fourth,verified,notes,source
2005,AFC U-17 Women's Championship,17,Korea Republic,,,completed,JPN,CHN,THA,KOR,0,Podium from search summary; to verify,https://en.wikipedia.org/wiki/2005_AFC_U-17_Women%27s_Championship
2007,AFC U-16 Women's Championship,16,Malaysia,,,completed,PRK,JPN,KOR,CHN,0,Podium from search summary; to verify,https://en.wikipedia.org/wiki/2007_AFC_U-16_Women%27s_Championship
2009,AFC U-16 Women's Championship,16,Thailand,,,completed,KOR,PRK,JPN,AUS,0,Podium from search summary; to verify,https://en.wikipedia.org/wiki/2009_AFC_U-16_Women%27s_Championship
2011,AFC U-16 Women's Championship,16,China PR,,,completed,JPN,PRK,CHN,KOR,0,Podium from search summary; to verify,https://en.wikipedia.org/wiki/2011_AFC_U-16_Women%27s_Championship
2013,AFC U-16 Women's Championship,16,China PR,,,completed,JPN,PRK,CHN,THA,0,Podium from search summary; to verify,https://en.wikipedia.org/wiki/2013_AFC_U-16_Women%27s_Championship
2015,AFC U-16 Women's Championship,16,China PR,,,completed,PRK,JPN,CHN,THA,0,Podium from search summary; to verify,https://en.wikipedia.org/wiki/2015_AFC_U-16_Women%27s_Championship
2017,AFC U-16 Women's Championship,16,Thailand,,,completed,PRK,KOR,JPN,CHN,0,Podium from search summary; to verify,https://en.wikipedia.org/wiki/2017_AFC_U-16_Women%27s_Championship
2019,AFC U-16 Women's Championship,16,Thailand,,,completed,JPN,PRK,CHN,AUS,0,Podium from search summary; to verify,https://en.wikipedia.org/wiki/2019_AFC_U-16_Women%27s_Championship
2022,AFC U-17 Women's Asian Cup,17,Indonesia,,,cancelled,,,,,0,Cancelled due to the COVID-19 pandemic; host to verify,https://en.wikipedia.org/wiki/AFC_U-17_Women%27s_Asian_Cup
2024,AFC U-17 Women's Asian Cup,17,Indonesia,2024-05-06,2024-05-19,completed,PRK,JPN,,,0,Final DPR Korea 1–0 Japan (AFC report); 3rd/4th to fill,https://www.the-afc.com/en/national/afc_u17_womens_asian_cup/news/perfect_dpr_korea_claim_title.html
2026,AFC U-17 Women's Asian Cup,17,China PR,2026-05-01,2026-05-17,completed,PRK,JPN,,,0,Final DPR Korea 5–1 Japan (search summary); 3rd/4th to fill,https://en.wikipedia.org/wiki/2026_AFC_U-17_Women%27s_Asian_Cup
2027,AFC U-17 Women's Asian Cup,17,China PR,,,scheduled,,,,,0,Qualifiers under way,https://en.wikipedia.org/wiki/2027_AFC_U-17_Women%27s_Asian_Cup
