code,name,flag,former_names
AFG,Afghanistan,🇦🇫,
AUS,Australia,🇦🇺,
BAN,Bangladesh,🇧🇩,
BHR,Bahrain,🇧🇭,
BHU,Bhutan,🇧🇹,
BRU,Brunei,🇧🇳,
CAM,Cambodia,🇰🇭,
CHN,China PR,🇨🇳,China
GUM,Guam,🇬🇺,
HKG,Hong Kong,🇭🇰,"Hong Kong, China"
IDN,Indonesia,🇮🇩,
IND,India,🇮🇳,
IRN,Iran,🇮🇷,IR Iran
IRQ,Iraq,🇮🇶,
JOR,Jordan,🇯🇴,
JPN,Japan,🇯🇵,
KGZ,Kyrgyzstan,🇰🇬,Kyrgyz Republic
KOR,Korea Republic,🇰🇷,South Korea
KSA,Saudi Arabia,🇸🇦,
KUW,Kuwait,🇰🇼,
LAO,Laos,🇱🇦,Lao PDR
LBN,Lebanon,🇱🇧,
MAC,Macau,🇲🇴,
MAS,Malaysia,🇲🇾,
MDV,Maldives,🇲🇻,
MGL,Mongolia,🇲🇳,
MNP,Northern Mariana Islands,🇲🇵,
MYA,Myanmar,🇲🇲,
NEP,Nepal,🇳🇵,
OMA,Oman,🇴🇲,
PAK,Pakistan,🇵🇰,
PHI,Philippines,🇵🇭,
PLE,Palestine,🇵🇸,
PRK,DPR Korea,🇰🇵,North Korea
QAT,Qatar,🇶🇦,
SIN,Singapore,🇸🇬,
SRI,Sri Lanka,🇱🇰,
SYR,Syria,🇸🇾,
TJK,Tajikistan,🇹🇯,
TKM,Turkmenistan,🇹🇲,
TLS,Timor-Leste,🇹🇱,
TPE,Chinese Taipei,,
THA,Thailand,🇹🇭,
UAE,United Arab Emirates,🇦🇪,
UZB,Uzbekistan,🇺🇿,
VIE,Vietnam,🇻🇳,
YEM,Yemen,🇾🇪,
